Workbook

Sheet Cargas
A1: Equipo | B1: Cantidad | C1: Potencia_W | D1: Potencia_total_W | E1: Horas_diarias | F1: Energia_diaria_Wh | G1: Energia_diaria_kWh | H1: Energia_reserva_Wh | I1: Energia_reserva_kWh | J1: Observaciones
A2: Cocina eléctrica | B2: 1 | C2: 1500 | D2: =B2*C2 | E2: 1.5 | F2: =D2*E2 | G2: =F2/1000 | H2: =F2*Dimensionamiento!$B$9 | I2: =H2/1000 | J2: Plato resistivo
A3: Olla multipropósito | B3: 1 | C3: 1000 | D3: =B3*C3 | E3: 1 | F3: =D3*E3 | G3: =F3/1000 | H3: =F3*Dimensionamiento!$B$9 | I3: =H3/1000 | J3: Modo lento
A4: Cocina de inducción | B4: 1 | C4: 1800 | D4: =B4*C4 | E4: 1 | F4: =D4*E4 | G4: =F4/1000 | H4: =F4*Dimensionamiento!$B$9 | I4: =H4/1000 | J4: Un quemador
A5: Refrigerador | B5: 1 | C5: 150 | D5: =B5*C5 | E5: 8 | F5: =D5*E5 | G5: =F5/1000 | H5: =F5*Dimensionamiento!$B$9 | I5: =H5/1000 | J5: Ciclo 33%
A6: Nevera | B6: 1 | C6: 120 | D6: =B6*C6 | E6: 8 | F6: =D6*E6 | G6: =F6/1000 | H6: =F6*Dimensionamiento!$B$9 | I6: =H6/1000 | J6: Congelador pequeño
A7: Horno de aire | B7: 1 | C7: 1500 | D7: =B7*C7 | E7: 0.75 | F7: =D7*E7 | G7: =F7/1000 | H7: =F7*Dimensionamiento!$B$9 | I7: =H7/1000 | J7: Freidora de aire
A8: Batidora | B8: 1 | C8: 300 | D8: =B8*C8 | E8: 0.2 | F8: =D8*E8 | G8: =F8/1000 | H8: =F8*Dimensionamiento!$B$9 | I8: =H8/1000 | J8: Consumo puntual
A9: Microondas | B9: 1 | C9: 1200 | D9: =B9*C9 | E9: 0.5 | F9: =D9*E9 | G9: =F9/1000 | H9: =F9*Dimensionamiento!$B$9 | I9: =H9/1000 | J9: Calentamientos
A10: Lavadora semiautomática | B10: 1 | C10: 500 | D10: =B10*C10 | E10: 1 | F10: =D10*E10 | G10: =F10/1000 | H10: =F10*Dimensionamiento!$B$9 | I10: =H10/1000 | J10: Incluye centrifugado
A11: Ducha eléctrica | B11: 1 | C11: 5500 | D11: =B11*C11 | E11: 0.2 | F11: =D11*E11 | G11: =F11/1000 | H11: =F11*Dimensionamiento!$B$9 | I11: =H11/1000 | J11: 10-12 min
A12: Televisor 55" | B12: 1 | C12: 120 | D12: =B12*C12 | E12: 5 | F12: =D12*E12 | G12: =F12/1000 | H12: =F12*Dimensionamiento!$B$9 | I12: =H12/1000 | J12: TV LED
A13: Ventiladores | B13: 4 | C13: 60 | D13: =B13*C13 | E13: 6 | F13: =D13*E13 | G13: =F13/1000 | H13: =F13*Dimensionamiento!$B$9 | I13: =H13/1000 | J13: Piso
... A19: Teatro en casa 5.1 | B19: 1 | C19: 80 | D19: =B19*C19 | E19: 3 | F19: =D19*E19 | G19: =F19/1000 | H19: =F19*Dimensionamiento!$B$9 | I19: =H19/1000 | J19: Amplificador
A20: TOTAL | D20: =SUM(D2:D19) | F20: =SUM(F2:F19) | G20: =SUM(G2:G19) | H20: =SUM(H2:H19) | I20: =SUM(I2:I19) | J20: Suma para reserva

Sheet Dimensionamiento
A1: Supuesto | B1: Valor | C1: Comentario
A2: DoD plomo | B2: 0.8 | C2: Editar si usas AGM/GEL
A3: DoD LiFePO4 | B3: 0.9 | C3: Mayor profundidad de descarga
A4: Módulo LiFePO4 (kWh) | B4: 5.12 | C4: Batería típica 100 Ah
A5: Tensión banco (V) | B5: 48 | C5: Sistema 48 Vcc
A6: PSH (h sol pico) | B6: 5 | C6: Ajustar a sitio
A7: Factor pérdidas | B7: 0.8 | C7: Cableado, inversor, etc.
A8: Margen inversor | B8: 1.25 | C8: 25% sobre pico
A9: Reserva días | B9: 1 | C9: Energía adicional
A11: Parámetro | B11: Valor | C11: Notas
A12: Energía diaria total (Wh) | B12: =Cargas!F20 | C12: Se actualiza con la tabla
A13: Energía diaria total (kWh) | B13: =Cargas!G20 | C13: Wh / 1000
A14: Energía para reserva (Wh) | B14: =Cargas!H20 | C14: Incluye días de respaldo
A15: Capacidad útil banco 48V (Ah) | B15: =Cargas!H20/Dimensionamiento!B5 | C15: Wh / V
A16: Banco @DoD 80% (Ah) | B16: =Cargas!H20/(Dimensionamiento!B5*Dimensionamiento!B2) | C16: Plomo/AGM
A17: Banco LiFePO4 @90% (Ah) | B17: =Cargas!H20/(Dimensionamiento!B5*Dimensionamiento!B3) | C17: Mayor DoD
A18: Energía útil LiFePO4 (kWh) | B18: =Cargas!H20/1000/Dimensionamiento!B3 | C18: Wh / kWh / DoD
A19: Módulos LiFePO4 necesarios | B19: =ROUNDUP((Cargas!H20/1000/Dimensionamiento!B3)/Dimensionamiento!B4,0) | C19: Cada módulo B4
A20: Potencia FV sugerida (kWp) | B20: =Cargas!G20/(Dimensionamiento!B6*Dimensionamiento!B7) | C20: PSH y pérdidas

Sheet Autoconsumo híbrido
A1: Elemento | B1: Valor | C1: Notas
A2: Potencia pico considerada (kW) | B2: =(LARGE(Cargas!$D$2:Cargas!$D$19,1)+LARGE(Cargas!$D$2:Cargas!$D$19,2)+LARGE(Cargas!$D$2:Cargas!$D$19,3))/1000 | C2: Suma de las 3 cargas mayores
A3: Inversor híbrido sugerido (kW) | B3: =B2*Dimensionamiento!B8 | C3: Margen sobre potencia pico
A4: Corriente DC @pico (A) | B4: =B3*1000/Dimensionamiento!B5 | C4: Inversor 48 V
A5: Carga promedio diaria (kW) | B5: =Dimensionamiento!B13/24 | C5: kWh/24h
A6: Banco LiFePO4 recomendado (Ah) | B6: =Dimensionamiento!B17 | C6: Ah requeridos @90% DoD
A7: Módulos LiFePO4 (5.12 kWh) | B7: =Dimensionamiento!B19 | C7: Celdas de referencia
A8: Reserva considerada (días) | B8: =Dimensionamiento!B9 | C8: Editar en hoja de supuestos
A9: Frecuencia / tensión | B9: 48 Vcc / 60 Hz | C9: Sistema monofásico 110 V
A10: Notas | B10: Ajusta simultaneidad y potencias reales
